feature,corr_label_generic,anova_f_label,abs_corr_generic,noise_fragility,data_type
Fwd Seg Size Min,0.43036531258929717,621387.1203005543,0.43036531258929717,🟢 Low fragility (robust),categorical
Bwd Pkts/s,0.26002205168925197,1834870.809493251,0.26002205168925197,🔴 High fragility,continuous
Fwd Pkt Len Mean,-0.22965832898115524,87239.40838843721,0.22965832898115524,🔴 High fragility,continuous
Fwd Seg Size Avg,-0.22965832898115524,87239.40838843722,0.22965832898115524,🔴 High fragility,continuous
Bwd Pkt Len Min,-0.21927306184971926,63067.11057005776,0.21927306184971926,🟡 Medium fragility,continuous
Init Fwd Win Byts,0.21773160388961846,302081.10631999205,0.21773160388961846,🟡 Medium fragility,continuous
Pkt Size Avg,-0.20645508836362397,65452.31763042602,0.20645508836362397,🔴 High fragility,continuous
Pkt Len Min,-0.20276491835569663,55010.52463710947,0.20276491835569663,🔴 High fragility,categorical
Fwd Pkt Len Min,-0.1912343439429833,48672.6888902994,0.1912343439429833,🔴 High fragility,continuous
Fwd Pkt Len Max,-0.1896726216042493,61193.25012872996,0.1896726216042493,🔴 High fragility,continuous
Pkt Len Mean,-0.18399044510741513,52091.126485293804,0.18399044510741513,🔴 High fragility,continuous
Init Bwd Win Byts,-0.18207768019283613,40522.708777848144,0.18207768019283613,🟡 Medium fragility,continuous
Bwd Pkt Len Mean,-0.15852037195101373,46186.31862723159,0.15852037195101373,🔴 High fragility,continuous
Bwd Seg Size Avg,-0.15852037195101296,46186.318627231005,0.15852037195101296,🔴 High fragility,continuous
Fwd Pkt Len Std,-0.15122674471522432,42367.57192453427,0.15122674471522432,🔴 High fragility,continuous
Flow Pkts/s,0.14871796277754815,469581.67191532423,0.14871796277754815,🔴 High fragility,continuous
Pkt Len Max,-0.13020067657582843,45296.934215849054,0.13020067657582843,🔴 High fragility,continuous
Pkt Len Std,-0.11583090837007314,42958.88891924072,0.11583090837007314,🟡 Medium fragility,continuous
Bwd IAT Tot,-0.1144066814966637,22405.08695286247,0.1144066814966637,🔴 High fragility,continuous
Bwd Pkt Len Max,-0.10972411996981486,43253.704133056635,0.10972411996981486,🟡 Medium fragility,continuous
Bwd IAT Max,-0.08735696588602415,34235.88756997916,0.08735696588602415,🔴 High fragility,continuous
SYN Flag Cnt,-0.08355994087294444,11215.223379938114,0.08355994087294444,🔴 High fragility,binary
Fwd PSH Flags,-0.08355994087294444,11215.223379938114,0.08355994087294444,🔴 High fragility,binary
Bwd IAT Std,-0.08120584622335894,23360.826523412463,0.08120584622335894,🔴 High fragility,continuous
Fwd Pkts/s,0.07137101693172317,138457.9209401185,0.07137101693172317,🔴 High fragility,continuous
Bwd Pkt Len Std,-0.05945127924242481,41267.20621441128,0.05945127924242481,🟡 Medium fragility,continuous
Bwd IAT Mean,-0.05286504961210531,98556.54982667965,0.05286504961210531,🔴 High fragility,continuous
Pkt Len Var,-0.03493056099790381,3320.781649323723,0.03493056099790381,🔴 High fragility,continuous
Active Max,-0.030403874036340886,1980.1730602197274,0.030403874036340886,🔴 High fragility,continuous
Flow Byts/s,-0.027366979817968855,928.4098734580788,0.027366979817968855,🔴 High fragility,continuous
Fwd Act Data Pkts,0.02592161601740952,2009630.5126230281,0.02592161601740952,🔴 High fragility,continuous
Active Mean,-0.025890257286834435,1761.337512925334,0.025890257286834435,🔴 High fragility,continuous
Subflow Fwd Pkts,0.025441878725981085,2000506.0821231196,0.025441878725981085,🔴 High fragility,continuous
Tot Fwd Pkts,0.025441878725981085,2000506.0821231196,0.025441878725981085,🔴 High fragility,continuous
Fwd Header Len,0.024767552745460535,1917891.5490244573,0.024767552745460535,🔴 High fragility,continuous
FIN Flag Cnt,-0.024295562740996795,808.3443209726337,0.024295562740996795,🔴 High fragility,binary
Down/Up Ratio,-0.023173846495549544,17749.858442496272,0.023173846495549544,🔴 High fragility,continuous
Active Std,-0.02254046674004505,935.031623386596,0.02254046674004505,🔴 High fragility,continuous
Active Min,-0.02001282526452356,1241.995538789959,0.02001282526452356,🔴 High fragility,continuous
TotLen Fwd Pkts,0.018707181785764977,733469.3469389764,0.018707181785764977,🔴 High fragility,continuous
Subflow Fwd Byts,0.018707181785764977,733469.3469389764,0.018707181785764977,🔴 High fragility,continuous
Bwd IAT Min,-0.015541937638240334,73912.96560788511,0.015541937638240334,🔴 High fragility,continuous
Idle Min,-0.013835417082112996,1291.1988565742165,0.013835417082112996,🔴 High fragility,continuous
Tot Bwd Pkts,-0.011680816411003759,209.96393680934148,0.011680816411003759,🔴 High fragility,continuous
Subflow Bwd Pkts,-0.011680816411003759,209.96393680934148,0.011680816411003759,🔴 High fragility,continuous
Bwd Header Len,-0.010851246432917438,271.17237787721933,0.010851246432917438,🔴 High fragility,continuous
CWE Flag Count,0.009909173235053042,3933.659074883721,0.009909173235053042,🔴 High fragility,binary
Fwd URG Flags,0.009909173235053042,3933.659074883721,0.009909173235053042,🔴 High fragility,binary
Subflow Bwd Byts,-0.008402697552223004,84.84998257435824,0.008402697552223004,🔴 High fragility,continuous
TotLen Bwd Pkts,-0.008402346788579162,84.84302783554226,0.008402346788579162,🔴 High fragility,continuous
Flow Duration,-0.0074168967237420525,106.8982777814514,0.0074168967237420525,🔴 High fragility,continuous
Fwd IAT Tot,-0.007331870397505582,103.06473749413325,0.007331870397505582,🔴 High fragility,continuous
Idle Mean,-0.003841435747629616,84.15617849121757,0.003841435747629616,🔴 High fragility,continuous
URG Flag Cnt,-0.003077973928376226,81666.17360218908,0.003077973928376226,🔴 High fragility,binary
Flow IAT Max,-0.002422025676466932,20.775004564474685,0.002422025676466932,🔴 High fragility,continuous
Fwd IAT Max,-0.0024065672607470473,19.559922642520934,0.0024065672607470473,🔴 High fragility,continuous
Fwd IAT Mean,-0.0021111454538371354,94.97882077217606,0.0021111454538371354,🔴 High fragility,continuous
Idle Max,-0.0018708484485330874,17.806031041208005,0.0018708484485330874,🔴 High fragility,continuous
Fwd IAT Std,-0.001690580274352811,3.8086232533332613,0.001690580274352811,🔴 High fragility,continuous
Flow IAT Mean,-0.0016243000385852613,85.1159273919152,0.0016243000385852613,🔴 High fragility,continuous
Flow IAT Std,-0.0013610968632682457,5.297143886856186,0.0013610968632682457,🔴 High fragility,continuous
Idle Std,-0.0006340512946373763,2.499764150610135,0.0006340512946373763,🔴 High fragility,continuous
Fwd IAT Min,8.020592220497572e-05,7.785854616135093,8.020592220497572e-05,🔴 High fragility,continuous
Flow IAT Min,5.280420799114632e-05,7.055726732900129,5.280420799114632e-05,🔴 High fragility,continuous
