feature,mean,std,min,max,skewness,kurtosis
Dst Port,8917.96095712616,18696.00006669212,0.0,65535.0,1.9138605815935057,1.8395228621174011
Flow Duration,11883905.423530364,495475116.39061683,-919011000000.0,120000000.0,-1430.59111242208,2159344.758525674
Tot Fwd Pkts,23.661005207662328,1525.642534054949,1.0,309629.0,88.29469145462713,8222.500652098168
Tot Bwd Pkts,6.350066303393845,164.51087342094323,0.0,123118.0,170.3009217386432,61503.745146357374
TotLen Fwd Pkts,978.733898103529,62353.20098167891,0.0,144391846.0,834.2151087667946,1798057.5562179158
TotLen Bwd Pkts,4759.005002298109,235160.21762782766,0.0,156360426.0,159.58413152550375,49084.64970230338
Fwd Pkt Len Max,201.8772223751816,304.0567754838402,0.0,64440.0,4.58807547677424,535.2560973582952
Fwd Pkt Len Min,11.138222327899486,24.285012976935842,0.0,1460.0,11.3963547930685,396.1522693727173
Fwd Pkt Len Mean,50.571543954567694,60.58433119210268,0.0,16529.3138401559,7.064470356327399,919.9454198911199
Fwd Pkt Len Std,71.21097401513013,116.68034676495306,0.0,18401.5827717299,2.439386164381015,86.06055281617971
Bwd Pkt Len Max,352.2270206640155,498.1632790036017,0.0,65160.0,1.6642618129218196,55.21592820178794
Bwd Pkt Len Min,26.63492265037832,51.088875087068914,0.0,1460.0,2.1037616435642486,5.7492550239800355
Bwd Pkt Len Mean,113.74662071140474,164.35998799071652,0.0,33879.28358,4.316189318305545,204.35365048438328
Bwd Pkt Len Std,132.3463977228199,204.61201868052638,0.0,22448.41352658228,1.493294480511465,22.45097839795859
Flow Byts/s,257034.89325761126,3667840.9902577153,0.0,1806642857.14286,80.55084778955381,19849.872041935734
Flow Pkts/s,52296.98215172562,264725.0409225223,-0.0088953248,6000000.0,6.801047020857024,50.03893296957557
Flow IAT Mean,3355189.2355238935,223608721.03000748,-828220000000.0,120000000.0,-3368.1944271892066,11996916.813960204
Flow IAT Std,1283143.498539313,339114493.93853587,0.0,474354474600.909,1204.9025036633727,1479866.825862074
Flow IAT Max,6641878.122181239,661464109.263086,-828220000000.0,979781000000.0,1009.4678103978813,1630234.5486370334
Flow IAT Min,2335631.7228679257,749836048.7167239,-947405000000.0,120000000.0,-1166.4291132308283,1384331.302280739
Fwd IAT Tot,11591509.219686361,495469919.7099425,-919011000000.0,120000000.0,-1430.6343621744347,2159431.975161202
Fwd IAT Mean,3683026.5672881226,223620563.57679522,-828220000000.0,120000000.0,-3367.6637003654632,11994395.422359424
Fwd IAT Std,1411290.4693542165,339121030.6623395,0.0,474354474600.909,1204.831698122289,1479750.9071739675
Fwd IAT Max,6447660.437033961,661462118.7596936,-828220000000.0,979781000000.0,1009.4778036071136,1630255.3574862094
Fwd IAT Min,2423947.9647521502,749839072.9328885,-947405000000.0,120000000.0,-1166.415352569309,1384309.519007129
Bwd IAT Tot,7642457.934319206,25932857.064430386,0.0,120000000.0,3.609812303694116,11.564068464015657
Bwd IAT Mean,829090.7099677259,4352891.126872336,0.0,120000000.0,12.316083535956984,191.88377537143697
Bwd IAT Std,856225.0675045124,3386296.4089542306,0.0,84837189.5109486,6.1974534957169976,47.627476850705754
Bwd IAT Max,2628452.3452716623,10272623.370626464,0.0,120000000.0,5.1400860433743825,26.643470450690064
Bwd IAT Min,292958.6136108762,3836711.3126013866,0.0,120000000.0,16.885879917304575,314.5507872119635
Fwd PSH Flags,0.04194567292197157,0.20046504916164923,0.0,1.0,4.569917231818126,18.88414350566885
Bwd PSH Flags,0.0,0.0,0.0,0.0,,
Fwd URG Flags,0.00016477473174840988,0.012835403820892408,0.0,1.0,77.88383563620039,6063.891853431774
Bwd URG Flags,0.0,0.0,0.0,0.0,,
Fwd Header Len,258.83234143158694,12299.840630869508,0.0,2477032.0,87.38217272291455,8124.506973631737
Bwd Header Len,133.88128175778883,3275.155007617438,0.0,2462372.0,169.90782403690116,61819.61337239918
Fwd Pkts/s,36890.13350826901,213937.31435188692,0.0,6000000.0,8.671186540575347,83.85357899774267
Bwd Pkts/s,15406.848643177158,92686.1585010244,0.0,2000000.0,9.040710859015476,103.07486459433974
Pkt Len Min,11.007094546799154,22.67057044564232,0.0,1460.0,6.96710998596644,135.86603417246025
Pkt Len Max,391.580326380385,514.8572121381476,0.0,65160.0,2.01416704566718,111.72943043025317
Pkt Len Mean,78.0364626304371,103.86438683460173,0.0,17344.98473,4.344639760629995,115.53175138869832
Pkt Len Std,122.14545812556185,162.76990203334427,0.0,22788.28621,1.7207611701352759,55.599978674946406
Pkt Len Var,41413.533345309865,213584.69485136317,0.0,519000000.0,1858.7063069695457,4272319.55005261
FIN Flag Cnt,0.0043560886680159725,0.06585676448397347,0.0,1.0,15.05217969855797,224.5681136778613
SYN Flag Cnt,0.04194567292197157,0.20046504916164923,0.0,1.0,4.569917231818126,18.88414350566885
RST Flag Cnt,0.18851003920572754,0.3911189253973548,0.0,1.0,1.5928146158058032,0.5370584003245238
PSH Flag Cnt,0.3944099784950075,0.4887236050773929,0.0,1.0,0.4321052786468537,-1.813285028165539
ACK Flag Cnt,0.3281042918085517,0.46952303369107584,0.0,1.0,0.7322141883698181,-1.4638623823499481
URG Flag Cnt,0.04194536307854971,0.20046434118074086,0.0,1.0,4.569936462674835,18.88431927288621
CWE Flag Count,0.00016477473174840988,0.012835403820892408,0.0,1.0,77.88383563620039,6063.891853431774
ECE Flag Cnt,0.18851028708046502,0.39111912280648475,0.0,1.0,1.5928125443508763,0.5370518014414718
Down/Up Ratio,0.4992823096819315,0.9989411207189799,0.0,311.0,128.37654175457783,27369.800161012565
Pkt Size Avg,89.99622360051293,108.3677725650263,0.0,17478.40769,3.864404235486615,99.54975212446455
Fwd Seg Size Avg,50.571543954567694,60.584331192102674,0.0,16529.3138401559,7.064470356327397,919.9454198911194
Bwd Seg Size Avg,113.74662071140494,164.35998799071777,0.0,33879.28358,4.316189318305607,204.3536504843782
Fwd Byts/b Avg,0.0,0.0,0.0,0.0,,
Fwd Pkts/b Avg,0.0,0.0,0.0,0.0,,
Fwd Blk Rate Avg,0.0,0.0,0.0,0.0,,
Bwd Byts/b Avg,0.0,0.0,0.0,0.0,,
Bwd Pkts/b Avg,0.0,0.0,0.0,0.0,,
Bwd Blk Rate Avg,0.0,0.0,0.0,0.0,,
Subflow Fwd Pkts,23.661005207662328,1525.642534054949,1.0,309629.0,88.29469145462713,8222.500652098168
Subflow Fwd Byts,978.733898103529,62353.20098167891,0.0,144391846.0,834.2151087667946,1798057.5562179158
Subflow Bwd Pkts,6.350066303393845,164.51087342094323,0.0,123118.0,170.3009217386432,61503.745146357374
Subflow Bwd Byts,4758.982393085584,235149.8973986253,0.0,156360426.0,159.54545554372638,49058.028000153856
Init Fwd Win Byts,8829.26063198267,16265.780250181046,-1.0,65535.0,2.581801980238839,5.8573093949070785
Init Bwd Win Byts,8740.582039194822,20669.450774597313,-1.0,65535.0,2.1233829692070216,2.6846074363503627
Fwd Act Data Pkts,20.01327604700275,1524.4188538673093,0.0,309628.0,88.49568313875363,8249.169569871527
Fwd Seg Size Min,17.98075587294263,7.715059997044947,0.0,56.0,0.2595412763173511,0.5473036987988262
Active Mean,173903.45976882035,2513315.46676961,0.0,114000000.0,24.788453657700266,704.5684364843944
Active Std,86953.92025722883,1519047.8573365542,0.0,75232413.85230836,25.82370831535941,706.5436522881512
Active Max,263949.10148543277,3329002.1471634028,0.0,114000000.0,20.20624391320317,432.81941449892946
Active Min,116150.84618443008,2120389.6436732677,0.0,114000000.0,34.23505333278414,1271.7373921709097
Idle Mean,5046729.306027125,264097629.9918519,0.0,395571421052.631,1258.1459544540526,1623983.2504037796
Idle Std,288350.14752084395,169689954.83006945,0.0,262247866338.599,1304.0812381547573,1755994.2951319576
Idle Max,5460355.516288562,627223037.053675,0.0,979781000000.0,1327.683629607681,1827800.7660029058
Idle Min,4713435.762068882,63839578.39324312,0.0,239934000000.0,3329.3916170171797,12392703.731009748
